"","baseMean","log2FoldChange","lfcSE","stat","pvalue","padj"
"BW25113_RS19280",3205.64920252358,-1.4598225136005,0.0452935858521955,-32.2302261155535,6.65925125261799e-228,1.41509089118132e-224
"BW25113_RS04685",6143.79392296626,0.961274161445718,0.0304595793879776,31.5590097027122,1.34898378553969e-218,1.43329527213592e-215
"BW25113_RS00570",1594.83649991462,1.95355862903971,0.0642905208745483,30.3864178181374,8.30379612956017e-203,5.88185559177179e-200
"BW25113_RS00070",1956.93771894485,1.64769781258759,0.057276285205921,28.767539770845,5.46613044590204e-182,2.90388179938546e-179
"BW25113_RS13540",823.060759948689,2.19244718238467,0.0910591995684019,24.077162909144,4.33721421114846e-128,1.84331603973809e-125
"BW25113_RS16160",2471.39110489741,-1.17356057476926,0.0504322571662255,-23.2700386758654,8.91793919950767e-120,3.15843679982563e-117
"BW25113_RS22665",398.343875717405,3.20446979046324,0.147380269092161,21.7428683649599,8.06949602318835e-105,2.44966843561075e-102
"BW25113_RS16170",987.843852677231,-1.6786544820206,0.080336923605665,-20.8951800327866,5.9232923955317e-97,1.57337454256311e-94
"BW25113_RS11560",4263.79718259828,-0.693433874263773,0.036996381779444,-18.7432889626266,2.19623177423604e-78,5.18554724472399e-76
"BW25113_RS06470",2081.43025332335,1.00827231106759,0.0539234530359568,18.6982148638602,5.11899557699762e-78,1.08778656011199e-75
"BW25113_RS16165",726.930484795687,-1.63825778543086,0.0926133710932822,-17.6892144848153,5.07783416179718e-70,9.80945235801729e-68
"BW25113_RS16175",484.366051749328,-2.02072189486901,0.11580152746885,-17.4498725451836,3.45001696279976e-68,6.10940503829124e-66
"BW25113_RS02275",819.160534751004,1.47570402504814,0.0851134163963437,17.3380894285373,2.42669979391257e-67,3.96672081697248e-65
"BW25113_RS02445",427.130729624875,1.78649804043668,0.117340823808949,15.224863627559,2.41862410456427e-52,3.67112587299934e-50
"BW25113_RS00575",623.794883674721,1.44486520550915,0.0963890883105865,14.9899250094936,8.54496504994347e-51,1.21053671540866e-48
"BW25113_RS10065",181.176808022538,3.26234416657712,0.218208410918205,14.950588535288,1.5437877168446e-50,2.05034306143424e-48
"BW25113_RS06390",953.146644516401,-1.13587729874081,0.0789980160456252,-14.3785547485748,7.05525027478768e-47,8.8190628434846e-45
"BW25113_RS11700",970.788440685962,-1.05982898307771,0.0780317577269699,-13.5820211404953,5.11939954195957e-42,6.04373557036894e-40
"BW25113_RS13945",345.343284707795,1.7884377744094,0.132102800228516,13.5382275872707,9.30059670878996e-42,1.04019831611467e-39
"BW25113_RS10445",134.668113557403,3.70661045030691,0.277437353262936,13.3601708879988,1.0332666491414e-40,1.09784581471274e-38
"BW25113_RS05605",146.378689548935,3.14957228878154,0.237759612157578,13.2468767937514,4.70374260727099e-40,4.75973954307183e-38
"BW25113_RS17215",1133.36262849926,0.93059883568445,0.0707178998601533,13.1593109739505,1.50451619812083e-39,1.45322587318489e-37
"BW25113_RS20370",500.559575313217,-1.4171228223909,0.107848046290426,-13.1399953094626,1.94238784420858e-39,1.79459746475793e-37
"BW25113_RS20395",382.554764407016,1.58706931677883,0.121415990875254,13.0713368588279,4.80142304125064e-39,4.25125998444067e-37
"BW25113_RS15355",839.106855522217,-1.04496619914096,0.0826040790276445,-12.6502977993527,1.11451568035356e-36,9.47338328300523e-35
"BW25113_RS17195",1404.0054301029,0.799005566204752,0.0635478223859074,12.5732957669678,2.96117170650777e-36,2.4201884139727e-34
"BW25113_RS19285",294.310332186138,-1.80090801114854,0.143649599512007,-12.5368119177945,4.69506466830081e-36,3.69518978523675e-34
"BW25113_RS17180",1102.00101611624,0.898446148966635,0.0722123606449657,12.4417224550223,1.55122291232622e-35,1.177267388819e-33
"BW25113_RS11710",310.885927737136,-1.69257126928316,0.137510438988422,-12.3086747575991,8.13479465988821e-35,5.96084091457326e-33
"BW25113_RS20690",1521.92316309032,0.742963904259645,0.0611182402530192,12.1561730374418,5.31927450385386e-34,3.76781944022982e-32
"BW25113_RS17210",1347.34135459676,0.791608458460864,0.0655882982197586,12.0693550518496,1.53331273330958e-33,1.05106114783318e-31
"BW25113_RS11715",289.34057710188,-1.73743524423273,0.144960608397801,-11.9855681031971,4.22934896117026e-33,2.80855204452713e-31
"BW25113_RS05770",201.98044439565,1.98128652816165,0.171358683770695,11.5622184097359,6.40328545056897e-31,4.12332775226032e-29
"BW25113_RS11695",877.645872333117,-0.91900283741553,0.0822403471271825,-11.1745982296782,5.4295511514325e-29,3.39346946964532e-27
"BW25113_RS16720",179.352520426066,-2.14289355699774,0.193175878730206,-11.092966529173,1.35711225648482e-28,8.23961012865782e-27
"BW25113_RS03155",249.048009423594,1.64923982712419,0.149482964881532,11.0329617052434,2.64991893318763e-28,1.56418825917326e-26
"BW25113_RS17110",1980.43463585397,0.612065874919297,0.0557252900991742,10.9836283279998,4.58145125303349e-28,2.63123889532329e-26
"BW25113_RS17205",943.134093979801,0.838590127639659,0.0768373091468678,10.9138403849719,9.89844214615615e-28,5.53531304225837e-26
"BW25113_RS14070",594.066580639761,-1.04406523637684,0.0966035747199209,-10.8077287968262,3.16406812368585e-27,1.72401147764934e-25
"BW25113_RS16150",673.675714115677,-0.985668810121361,0.0918993844520623,-10.7255213514027,7.72501963506429e-27,4.10391668112791e-25
"BW25113_RS19520",10177.2463983549,-0.252095311883264,0.0235492535823985,-10.70502345228,9.64062501067993e-27,4.99666540187679e-25
"BW25113_RS06395",732.988969713845,-0.958833117378953,0.0910362736154631,-10.5324293196475,6.12334494334773e-26,3.0981209534795e-24
"BW25113_RS17000",7045.47383315892,-0.305954548756828,0.0291664467750934,-10.4899493282842,9.60799052716947e-26,4.74813485354305e-24
"BW25113_RS21590",1182.09587502985,-0.704344669661849,0.0691526195857124,-10.1853649779505,2.30493331395168e-24,1.11317802094257e-22
"BW25113_RS13535",12159.2726835259,-0.209163614248886,0.0205855897224982,-10.1606811885641,2.9699411198475e-24,1.40247219548354e-22
"BW25113_RS21675",473.014798008299,1.07066189143901,0.105615103329892,10.137393778755,3.77024103567013e-24,1.74168743495631e-22
"BW25113_RS15200",1052.49588486799,0.757058802021868,0.0778309662980727,9.72696136294295,2.31402144368643e-22,1.04623309953908e-20
"BW25113_RS16785",179.775692594125,4.26140812895941,0.440721258589569,9.6691685411253,4.07676669028682e-22,1.80481858684573e-20
"BW25113_RS13420",307.49952523866,-1.31809118929808,0.136894120584722,-9.62854491973839,6.05812270401164e-22,2.62724709102546e-20
"BW25113_RS17185",656.473940452601,0.872516618311777,0.0906795992080214,9.62197259286735,6.45806109200344e-22,2.69630608254269e-20
"BW25113_RS21525",780.949325940706,0.798661641907967,0.0830057348113239,9.62176461329286,6.47113459810247e-22,2.69630608254269e-20
"BW25113_RS09310",1953.83415314652,0.52019847329317,0.0542967153337288,9.58066192578735,9.64249516972365e-22,3.88854605636873e-20
"BW25113_RS14080",685.972001952773,-0.878215731889734,0.0916711768341236,-9.58006390033414,9.69849134059025e-22,3.88854605636873e-20
"BW25113_RS02270",519.781787024498,0.959320329668887,0.10191966603741,9.41251445345953,4.84407403195478e-21,1.90623283664887e-19
"BW25113_RS17635",774.673783382634,-0.787863723164764,0.0840389597406796,-9.37498186074516,6.91876654365624e-21,2.67315980095809e-19
"BW25113_RS05615",90.5725937817941,2.6069792935186,0.279389473147467,9.3309861110715,1.04890422512388e-20,3.9802169256933e-19
"BW25113_RS20685",1876.72460488449,0.54618466850188,0.05915137444081,9.23367670937927,2.6149819746563e-20,9.74883630902567e-19
"BW25113_RS19530",62091.3820134575,0.0742409671042584,0.00809247348390369,9.17407604138923,4.55463518750717e-20,1.66872409887116e-18
"BW25113_RS17170",331.751559723724,1.15454950415,0.125949793852912,9.16674389716198,4.87522265075297e-20,1.75590646319493e-18
"BW25113_RS00075",233.797748255602,1.39729889343797,0.155503782124135,8.98562642240134,2.57264560721413e-19,9.11145319221672e-18
"BW25113_RS17200",658.591029240388,0.833006185418364,0.0936610187778835,8.8938407492004,5.90322785150023e-19,2.0564523253177e-17
"BW25113_RS16475",972.057354688301,0.691881371142286,0.0778331593867479,8.8892880180332,6.15017184015699e-19,2.10792180005381e-17
"BW25113_RS17165",343.941873667883,1.0761343494662,0.125831517833142,8.55218444470485,1.20780567935198e-17,4.07394772797296e-16
"BW25113_RS17175",581.485864943268,0.819861032624587,0.0968281602118398,8.46717556990552,2.51414983796496e-17,8.34776313386802e-16
"BW25113_RS16200",66.2030678493348,-3.14485324575035,0.372271233812968,-8.44774712657587,2.96977758339546e-17,9.70888825340823e-16
"BW25113_RS05610",71.9464074771113,2.66306278397561,0.316115721108862,8.42432883323294,3.62823978105154e-17,1.16818326283856e-15
"BW25113_RS13525",4766.22048304235,0.305700839742612,0.0365523312348702,8.36337463069878,6.09492887061983e-17,1.93309311195032e-15
"BW25113_RS16155",443.837808200629,-0.913162800642762,0.110204965162947,-8.28604046371756,1.17080965189431e-16,3.65878016216971e-15
"BW25113_RS05600",57.0911380153922,3.17307202597475,0.385822303557572,8.22417987948502,1.96530955559555e-16,6.05258377629064e-15
"BW25113_RS19980",7014.44840566627,-0.231254853659731,0.02816070545655,-8.2119694769913,2.17589594797443e-16,6.6053984134938e-15
"BW25113_RS03500",293.793898183047,-1.10183712413784,0.136363641104674,-8.08013862941705,6.46931880126996e-16,1.93623978207023e-14
"BW25113_RS21505",2453.46214760256,-0.419233222441134,0.0519555776752447,-8.06907056373441,7.08353200289353e-16,2.09062576474288e-14
"BW25113_RS11705",192.418600038171,-1.37457931098042,0.170954861142128,-8.04059797888765,8.9401113821897e-16,2.60242968317166e-14
"BW25113_RS21825",727.644065923982,0.670723125758291,0.0853790307046361,7.85582970692909,3.97134344153114e-15,1.1404195693586e-13
"BW25113_RS20940",495.495730112748,0.819136487925075,0.104667920827228,7.82605101401789,5.0343312249215e-15,1.42639384706109e-13
"BW25113_RS05635",82.5161199306543,2.13787181147883,0.273892524222506,7.80551355882229,5.92597322902476e-15,1.65693330416811e-13
"BW25113_RS03260",154.157103166919,1.48479931691649,0.191587473015717,7.7499812150802,9.19061435793514e-15,2.53637084553405e-13
"BW25113_RS00565",111.535912793091,1.80064788517223,0.232570426970415,7.74237683022911,9.75752829882065e-15,2.64066853445719e-13
"BW25113_RS15095",496.520415389706,-0.800484004533716,0.103400284581125,-7.74160349535283,9.81707361045262e-15,2.64066853445719e-13
"BW25113_RS17100",1019.37911243155,0.577139352777868,0.0746292279132412,7.73342253317708,1.04693087556972e-14,2.78091013823207e-13
"BW25113_RS17085",1632.45397972165,0.455443674379835,0.058906567045147,7.73162819063578,1.0617968095111e-14,2.78557804964332e-13
"BW25113_RS17135",1475.21290820538,0.479018434220837,0.0622690892592131,7.69271624042524,1.44043742774373e-14,3.73284089506758e-13
"BW25113_RS09520",450.505144278126,-0.83267595031414,0.108311045155909,-7.6878212108058,1.49661748191264e-14,3.83170138441489e-13
"BW25113_RS09510",623.860545364607,-0.725179927397542,0.0948872859025811,-7.64254052057164,2.12976944794709e-14,5.38780961534235e-13
"BW25113_RS16715",92.8736030383046,-2.00100648257463,0.263197145054829,-7.60269068328144,2.90036158826286e-14,7.25090397065715e-13
"BW25113_RS02265",293.772698940595,1.00163081801675,0.132586057281323,7.55457126152768,4.20241829972473e-14,1.03838824266454e-12
"BW25113_RS00810",203.284605322954,-1.24571575846307,0.165771197214787,-7.51466949260805,5.70548874298268e-14,1.39358202055612e-12
"BW25113_RS25515",309.211956953529,0.970716720382476,0.12952651585206,7.4943475009487,6.66289841373204e-14,1.60893853740688e-12
"BW25113_RS22655",82.3468092920709,2.03085768707917,0.271291398241793,7.4858904493136,7.10636551819645e-14,1.69674457597387e-12
"BW25113_RS21585",511.25747999004,-0.764770436312435,0.102351722841902,-7.47198400845427,7.89946100662131e-14,1.86515051545225e-12
"BW25113_RS17190",421.613798398309,0.859933487192708,0.115489368019545,7.44599699469456,9.62149961938339e-14,2.24677875727359e-12
"BW25113_RS16425",2055.61086024629,0.610267606990439,0.0828816843995307,7.3631178156159,1.79663669132555e-13,4.14984018376827e-12
"BW25113_RS05220",121.836201943856,-1.60474639164862,0.219448912747594,-7.31261946826943,2.61984167808704e-13,5.98619738272576e-12
"BW25113_RS14065",257.828813933034,-1.03704746747232,0.143452501648646,-7.22920447921033,4.8583146513043e-13,1.09828921638528e-11
"BW25113_RS17310",3369.47205793684,0.301351364070065,0.0417244551099668,7.22241580569092,5.10720256565065e-13,1.14240057389554e-11
"BW25113_RS13940",139.645242632435,1.43904339753854,0.199538691615321,7.21185142535058,5.51961817292788e-13,1.22179048098664e-11
"BW25113_RS09515",509.251003138102,-0.730035266474697,0.102280361569939,-7.13758980970652,9.4981564150611e-13,2.08078168886648e-11
"BW25113_RS16205",52.9544352585868,-2.84700168964385,0.398994544743107,-7.13544013860365,9.64779400997534e-13,2.0919961501222e-11
"BW25113_RS05640",60.0375121046648,2.31763908272551,0.330257606269762,7.01767056602599,2.25597679804854e-12,4.84237444025571e-11
"BW25113_RS20400",127.736970612296,1.47636347527613,0.211202335894524,6.99028005075398,2.74338073151698e-12,5.82968405447358e-11
"BW25113_RS17090",1308.97195278388,0.458068421114393,0.0658644869636628,6.95471022748735,3.53287446293154e-12,7.43302795418764e-11
"BW25113_RS13935",169.902527701341,1.28174189332365,0.184365368820719,6.95218359891682,3.59674870637072e-12,7.49322647160566e-11
"BW25113_RS15205",760.558957686234,0.605723611555249,0.0875895214265623,6.91548031876285,4.66280777117208e-12,9.61987040168997e-11
"BW25113_RS06645",380.177022461839,0.789312163094014,0.115685715788651,6.82290080251593,8.92202673012312e-12,1.82301026937612e-10
"BW25113_RS18385",150.078649552894,-1.33956573581293,0.197214964585946,-6.79241425023379,1.10272362058586e-11,2.23170256547138e-10
"BW25113_RS20455",1134.41244333803,0.475476217568187,0.070602894593313,6.73451450265638,1.64478198453344e-11,3.29307074500232e-10
"BW25113_RS21830",474.115589888597,0.700586660375969,0.104047472530042,6.73333665239862,1.65815797513058e-11,3.29307074500232e-10
"BW25113_RS17145",1426.39281865387,0.421333036467279,0.0626123412000242,6.72923306159835,1.70559676484244e-11,3.35591956045388e-10
"BW25113_RS16210",43.9681057031382,-2.76133885391319,0.422358379009125,-6.53790475375779,6.23866317209658e-11,1.2162531413491e-09
"BW25113_RS22825",334.946155347757,-0.800876058627826,0.124347457734334,-6.44063073922173,1.18978017305531e-10,2.29843897067502e-09
"BW25113_RS13425",176.788634243421,-1.14029121582231,0.177271304077288,-6.43246362832169,1.25552081515444e-10,2.40358714612899e-09
"BW25113_RS11200",175.109519572989,-1.12107026741944,0.174541875325783,-6.42293011534891,1.33675872269654e-10,2.53626096940192e-09
"BW25113_RS21135",159.407204368322,-1.19811427586537,0.189273249568782,-6.33007716935708,2.45038616749879e-10,4.60802708489817e-09
"BW25113_RS19400",621.236611539718,0.590361809347065,0.0933043554846052,6.32726957150969,2.49537203333727e-10,4.65146102705411e-09
"BW25113_RS14455",1189.53731467647,0.436718850480283,0.0694247333359352,6.29053695268904,3.16369725933653e-10,5.8459623270349e-09
"BW25113_RS21345",238.148422757435,0.943758363905004,0.151312362370182,6.23715305955056,4.45605946823585e-10,8.16303997413895e-09
"BW25113_RS14980",98.302442749444,-1.50838380972334,0.242225438865134,-6.22718991362084,4.74875362701078e-10,8.62487304051103e-09
"BW25113_RS22810",150.238830344556,-1.17938154279473,0.189866751186752,-6.21162755154902,5.24385998686738e-10,9.44339192550269e-09
"BW25113_RS21680",214.188971394531,0.980015045694383,0.157916932300855,6.20588958647773,5.43883555005502e-10,9.71220633938396e-09
"BW25113_RS15550",427.088964572412,-0.688513334567509,0.111712944483293,-6.16323683662712,7.12727834795784e-10,1.26212220745087e-08
"BW25113_RS19410",882.119327965304,0.477043800298462,0.0784236246158919,6.08290936098602,1.18021074418595e-09,2.07268415817781e-08
"BW25113_RS06400",271.39985518723,-0.873313010562729,0.144474744432664,-6.04474514900254,1.49646355033506e-09,2.60654511841148e-08
"BW25113_RS11310",111.935815373472,1.33840921092316,0.223717762699302,5.98257909776305,2.19631793675856e-09,3.79445172000972e-08
"BW25113_RS08595",28.7738999012082,-3.83556649986876,0.645233655538167,-5.94446130784924,2.7736747319182e-09,4.75327323010176e-08
"BW25113_RS13565",796.216109227605,0.481334011542802,0.082016608654937,5.8687382889469,4.39123944001171e-09,7.4651070480199e-08
"BW25113_RS17620",149.339661529063,1.09323728734045,0.186629314001667,5.85780049178494,4.69037633421106e-09,7.91035691285596e-08
"BW25113_RS17105",329.490047732,0.719433533355154,0.123686777002404,5.81657595735693,6.00652554864108e-09,1.00502888117026e-07
"BW25113_RS17700",276.815064885131,-0.789419645646765,0.13712384788449,-5.75698288682616,8.56305878508309e-09,1.42160155611731e-07
"BW25113_RS17125",1058.68223295961,0.414670542458393,0.0724569942012123,5.72298847102128,1.04666370477935e-08,1.72415532764041e-07
"BW25113_RS20375",126.724833595296,-1.21058962444195,0.21181160537424,-5.71540743625929,1.0944148193804e-08,1.78894730091027e-07
"BW25113_RS03415",124.645577062536,1.18532030165657,0.208479229490549,5.68555584435478,1.30387867386529e-08,2.11507036791125e-07
"BW25113_RS03425",131.601927808246,1.16325291258784,0.205294242257273,5.66627149304101,1.45938229250246e-08,2.3493843723998e-07
"BW25113_RS05630",42.4395051751897,2.16128985831703,0.383802266625149,5.63125871382075,1.78899128787062e-08,2.85835074189854e-07
"BW25113_RS17115",1058.97109149574,0.428849178407804,0.076869293733811,5.57894001072595,2.41988671816345e-08,3.8375069224607e-07
"BW25113_RS11510",215.202760932494,-0.885285726589912,0.158782584242823,-5.57545861097754,2.46878601210349e-08,3.88605205608883e-07
"BW25113_RS08965",514.706039262172,0.544462594833026,0.0999006500957552,5.45004055840634,5.03583344207623e-08,7.86848975324411e-07
"BW25113_RS05215",70.1996916194359,-1.56340252200108,0.288333130526217,-5.42220909247515,5.88669664058952e-08,9.13082508120637e-07
"BW25113_RS17130",613.125243118288,0.519204420799142,0.0967725605493948,5.36520288242377,8.08582802617437e-08,1.24510033011743e-06
"BW25113_RS14075",200.820933856519,-0.877937626975588,0.163961017852144,-5.35455096873876,8.5769142457803e-08,1.3112189044808e-06
"BW25113_RS21840",342.895911920959,0.651860718585271,0.123254674391228,5.28873019871174,1.23168409886093e-07,1.86952050719963e-06
"BW25113_RS21580",221.191331474188,-0.81353421011159,0.154115448361906,-5.27873239677559,1.30080612604698e-07,1.9604347644325e-06
"BW25113_RS19405",410.144649142658,0.592899030551971,0.11310233229534,5.24214681094067,1.58719002444075e-07,2.37519633939196e-06
"BW25113_RS21835",288.032658955946,0.716404003197608,0.136744971502455,5.23897877432917,1.61467606345929e-07,2.39943121318251e-06
"BW25113_RS06405",195.084026979964,-0.847952563851479,0.162718369070422,-5.21116680738421,1.876566270249e-07,2.76923841963829e-06
"BW25113_RS06235",61.0247305042747,1.58115347802681,0.303992400200916,5.20129278554921,1.97907041627313e-07,2.900361816952e-06
"BW25113_RS05620",30.0792596984653,2.40189435210712,0.46544384433304,5.16043853915165,2.46372037122096e-07,3.56150053662894e-06
"BW25113_RS20670",1361.14015332908,0.331323022673601,0.0641944697245772,5.16123934187983,2.45320292888153e-07,3.56150053662894e-06
"BW25113_RS16430",980.177703970317,0.385083041537662,0.0746438748278701,5.15893691780698,2.48355964304385e-07,3.5659217847758e-06
"BW25113_RS16480",285.210827226252,0.682979487656645,0.133203345654033,5.12734484485498,2.93856974850045e-07,4.19091323192178e-06
"BW25113_RS22015",348.440379338659,-0.63287071343377,0.123497228657841,-5.12457421362215,2.98210874514478e-07,4.22465405562177e-06
"BW25113_RS21690",279.6756538948,0.686004348428149,0.133922674513444,5.12239134202241,3.01684947194331e-07,4.245566309854e-06
"BW25113_RS09885",29.8280387276843,2.38432561774839,0.470040960463074,5.07259115333141,3.92435048974295e-07,5.48634525704195e-06
"BW25113_RS17445",314.956518092886,0.634744873960432,0.125755401824906,5.04745613110293,4.47731532465147e-07,6.21849350646037e-06
"BW25113_RS05625",49.3210482851235,1.6952499689239,0.341118652948485,4.96967830480943,6.70640747160508e-07,9.25397134880571e-06
"BW25113_RS17305",1570.69670864227,0.292357331305955,0.0598166923507355,4.88755428989147,1.0209634643417e-06,1.39970797530717e-05
"BW25113_RS14950",82.5499637659961,-1.29295047034937,0.264902469228592,-4.88085473160932,1.05627030364739e-06,1.43882974054532e-05
"BW25113_RS17155",690.294323718828,0.419497975123684,0.087017326872624,4.82085568702593,1.42943740899548e-06,1.93474808542382e-05
"BW25113_RS17095",703.887191635017,0.42719514685223,0.0890462694434372,4.7974513645806,1.60697210919254e-06,2.14768285033594e-05
"BW25113_RS20365",82.8983238903732,-1.25473861299913,0.261500692943701,-4.79822289904701,1.60079577300279e-06,2.14768285033594e-05
"BW25113_RS14205",127.658809783083,-0.975044905303792,0.203341318542524,-4.79511450153149,1.62581939053972e-06,2.15929137806056e-05
"BW25113_RS21685",242.879131968134,0.693246368623597,0.144766099839781,4.78873416767352,1.67836636221865e-06,2.21523510541282e-05
"BW25113_RS05590",22.3416076388382,2.70658357518853,0.566891667480057,4.7744282205096,1.80218546058298e-06,2.36397784181409e-05
"BW25113_RS15210",175.029959399083,0.833861206348744,0.174807527564964,4.77016761214048,1.84072689702094e-06,2.39972064795675e-05
"BW25113_RS10910",999.876038998099,-0.351488571861328,0.0737559990862219,-4.76555908964684,1.8833069232762e-06,2.44026049509874e-05
"BW25113_RS13465",264.139995680788,0.664182373155622,0.139487746909493,4.76158220253265,1.92081027209093e-06,2.47377080496559e-05
"BW25113_RS21150",95.3179870668859,-1.13161896793801,0.237772693662275,-4.75924695350143,1.94316570080319e-06,2.48748621337757e-05
"BW25113_RS22675",42.0976468087171,1.71909492207911,0.366493234715028,4.69065936078141,2.72326027655886e-06,3.46522639981292e-05
"BW25113_RS17150",1518.30471561637,0.287126463542626,0.0613675846038767,4.67879688268663,2.88563122899522e-06,3.64997997715169e-05
"BW25113_RS19495",240.950709393669,-0.68194318678467,0.145999536812898,-4.67085856346651,2.9994341749555e-06,3.77147788271032e-05
"BW25113_RS18405",27.1233325854361,2.22006165592504,0.479477696531036,4.6301666834285,3.65371493035789e-06,4.56714366294737e-05
"BW25113_RS20955",490.835803561684,0.47125637275489,0.102034682843991,4.61859006780502,3.86356273356167e-06,4.80121099930909e-05
"BW25113_RS17080",397.29411413311,0.519215543461223,0.11329164785156,4.58299930584046,4.58353562412328e-06,5.66279837282673e-05
"BW25113_RS17920",392.595306502801,-0.521927853467229,0.11519435101422,-4.53084590409126,5.87479794538596e-06,7.21615354563305e-05
"BW25113_RS16645",187.38072767874,0.759657161302255,0.168130764726805,4.51825198402339,6.23522531694162e-06,7.61485850488559e-05
"BW25113_RS06240",35.7067282501162,1.79594047536812,0.398576592847991,4.5058854624036,6.60967349917159e-06,7.98339864483571e-05
"BW25113_RS14975",24.8012017036872,-2.36255549622769,0.524335765989253,-4.50580648789103,6.61213252466393e-06,7.98339864483571e-05
"BW25113_RS16705",38.5494850120114,-1.73944906511784,0.393369987375917,-4.42191606106332,9.78294641135665e-06,0.00011745062781996
"BW25113_RS05210",159.76051366946,-0.808134461734349,0.182957883386194,-4.41705187432952,1.00056223978128e-05,0.000118798160424763
"BW25113_RS17710",187.965795412078,-0.728009979341199,0.164819182449882,-4.41702214827191,1.00069979840154e-05,0.000118798160424763
"BW25113_RS10930",4122.34362877749,-0.164430480393893,0.0373982874976544,-4.39673823043919,1.09889739293143e-05,0.000129730942221071
"BW25113_RS16180",50.1186308733164,-1.48570731982893,0.339379454026815,-4.37771733733634,1.1992874702659e-05,0.000140800324547792
"BW25113_RS19395",196.840558636281,0.699877265774232,0.160774556533694,4.35315936093133,1.34189531623853e-05,0.000156677337747631
"BW25113_RS21695",212.318586214603,0.665391785391744,0.153067903656704,4.34703663861539,1.37989176207977e-05,0.000160233333028388
"BW25113_RS06385",90.2033509482458,-1.07365329897591,0.247063492146164,-4.34565742453253,1.38859141475667e-05,0.000160367215019453
"BW25113_RS07855",43.8779285247841,-1.57334585894082,0.36296020941266,-4.33476127172948,1.45918388823331e-05,0.000167608960134907
"BW25113_RS02540",79.9388829276466,1.11004325013625,0.256241491071645,4.33201994530183,1.47747553504025e-05,0.000168797608169921
"BW25113_RS15870",42.6058195690991,-1.66606012592745,0.38536937135559,-4.32328111615838,1.53725649293852e-05,0.000174688237833923
"BW25113_RS15560",197.915580471831,-0.712473782903377,0.165507941246299,-4.30477098282018,1.67158568713813e-05,0.000188942531125985
"BW25113_RS13640",128.176187413254,0.856133555893822,0.200855821426194,4.26242839174275,2.02217308708717e-05,0.000227360730691018
"BW25113_RS09895",38.8790820977242,1.61349497577114,0.378979889203842,4.25746859328277,2.06754694921547e-05,0.000231238803530677
"BW25113_RS11195",193.92522797185,-0.696513507300833,0.16377012803304,-4.25299482675078,2.10930451302406e-05,0.000234673931422834
"BW25113_RS23125",1432.09521482777,-0.270500423127629,0.0638716686997642,-4.23506115675709,2.28489512574185e-05,0.000252885528239658
"BW25113_RS19275",84.3719693608138,-1.09658001120539,0.259613895602237,-4.22388797279749,2.40123443828076e-05,0.000264384620795161
"BW25113_RS22020",694.973692394679,0.370232363123061,0.0879724468030506,4.20850364605549,2.57067382135388e-05,0.000281581539710154
"BW25113_RS15555",184.362816133922,-0.711216696185881,0.169141165316525,-4.20487049888142,2.61231687164681e-05,0.000284675556525614
"BW25113_RS18640",96.5802135837528,-0.995126520926831,0.237045289280551,-4.1980438588217,2.69230496962763e-05,0.000291895309207077
"BW25113_RS14210",113.605461915695,-0.905909025342751,0.218224542929874,-4.15127012379109,3.30635250306725e-05,0.000356649698934919
"BW25113_RS00580",615.934242686074,0.381563165276915,0.0923394481508865,4.13217939805559,3.59339780764477e-05,0.000385655067739653
"BW25113_RS21520",190.397245389863,0.65713203856846,0.161952117927445,4.05756989768331,4.95859791176024e-05,0.000529498520728166
"BW25113_RS17960",136.364554743262,0.790806321235915,0.195004078846254,4.05533220594532,5.00630999242874e-05,0.000531920436695554
"BW25113_RS12655",241.036195416748,-0.595337796160556,0.147536808003269,-4.03518148601511,5.45601083934943e-05,0.000576817066349131
"BW25113_RS18115",106.767140244477,0.878272953830075,0.219813211473036,3.99554216029372,6.45463686393157e-05,0.000679015016626465
"BW25113_RS11315",57.6575144959941,1.21859780193241,0.305455323824707,3.98944692360881,6.62275358397267e-05,0.000693268540194183
"BW25113_RS08695",57.9662500901508,1.20151731288205,0.306687737026606,3.91772206000469,8.93896880183682e-05,0.000931142583524669
"BW25113_RS10915",3089.059049799,-0.170602252752807,0.0435814189432824,-3.91456397908548,9.05677213126088e-05,0.000938811745313628
"BW25113_RS08065",62.2331210566862,1.17017223295266,0.301376464778503,3.88275917236166,0.000103277843453954,0.00106536610359055
"BW25113_RS14095",86.8338147022679,-0.951926794799673,0.245911243992429,-3.87101776781293,0.000108381890979118,0.00111261603058274
"BW25113_RS17665",100.472472691899,0.882302958646105,0.229277840223954,3.84818244006612,0.00011899742232581,0.00121571885789589
"BW25113_RS03805",697.485261919456,-0.338222447077612,0.0879441889987597,-3.84587601441616,0.000120122496578523,0.00122134117334622
"BW25113_RS04530",52.2362413272725,-1.26878783909372,0.330041673684934,-3.84432615714139,0.000120884142860438,0.00122323239799253
"BW25113_RS05795",111.152627630235,0.82312287888921,0.214326889865311,3.84050213860931,0.000122782902615049,0.00123655766851649
"BW25113_RS00590",611.67118386753,-0.358527210418743,0.0936199649493836,-3.82960205777244,0.000128350645206466,0.00128405339572343
"BW25113_RS17325",40.7581990945472,1.40613838400037,0.367241632394053,3.82891878252945,0.000128707469783102,0.00128405339572343
"BW25113_RS03150",388.285440728204,0.437307559227721,0.116027637065582,3.7689947868243,0.000163906310578049,0.00162757434569324
"BW25113_RS14965",63.7683285859029,-1.10908628951459,0.294523720226221,-3.76569428317255,0.000166086916033944,0.00164155672824247
"BW25113_RS21575",170.583237740948,-0.658860943848615,0.175235000476178,-3.75987069967898,0.000170001199438752,0.00167246550373772
"BW25113_RS14085",52.7862025862003,-1.21969271975312,0.326598300129706,-3.73453480703582,0.000188062481518752,0.00184162568307533
"BW25113_RS18365",34.2040197743969,-1.51214507613398,0.405608650299902,-3.72808882408183,0.000192937381099714,0.00188069694879309
"BW25113_RS16710",33.6201975032738,-1.59866784048615,0.432312743637474,-3.69794289901097,0.000217353765302525,0.00210902626149711
"BW25113_RS13605",191.035193541676,0.607888820491145,0.16462156876607,3.6926438318357,0.000221934745559071,0.00214368788324103
"BW25113_RS19485",67.4269396411829,-1.04007091195494,0.282084464608937,-3.68709036634407,0.000226832822556225,0.00218108483227139
"BW25113_RS22805",69.1521893483101,-1.01747152991018,0.276986915154713,-3.67335593936583,0.000239385661970885,0.00229141680940599
"BW25113_RS04230",118.043526321474,0.762609125983589,0.208344082002751,3.66033495481536,0.000251885758065538,0.00240025666318058
"BW25113_RS11535",93.3571308631744,0.867085421923959,0.237602726166711,3.64930754757241,0.000262948148343956,0.00249448578228084
"BW25113_RS02855",32.0456545358652,-1.50683362977856,0.418821221944492,-3.59779674674237,0.00032092424962543,0.00303095124646239
"BW25113_RS12915",50.1859696318013,-1.22311823990591,0.340765807622225,-3.5893220873318,0.000331539008725036,0.00310638180044493
"BW25113_RS17320",582.533612099788,0.338356083917481,0.0942735102762252,3.58908969153778,0.000331834667624,0.00310638180044493
"BW25113_RS17160",974.644401428176,0.269719055360847,0.075284687217002,3.58265492401401,0.000340119778179829,0.00316997600277253
"BW25113_RS17120",291.386753873418,0.469364098106976,0.131475238188217,3.56998096808956,0.00035700716466562,0.00331283941010674
"BW25113_RS07730",174.780702979386,0.605773408421315,0.170266808714224,3.55778917215772,0.000373989288624593,0.00345533581881418
"BW25113_RS13495",116.081681826353,-0.74798951420011,0.2108465561668,-3.54755386001362,0.000388826242019506,0.00357686478048246
"BW25113_RS17705",375.913715220427,-0.429461347226902,0.121746642075371,-3.52750055283684,0.000419502885285104,0.00384242944496054
"BW25113_RS12000",394.199226322606,0.39754198694063,0.112734830152733,3.52634573008218,0.000421336552697906,0.0038426616930603
"BW25113_RS14090",124.141180972329,-0.724351931954314,0.205517770836125,-3.52452213259892,0.000424247371733355,0.00385267378176658
"BW25113_RS09450",30.8905687946905,-1.4995698686335,0.427001946074212,-3.51185722318202,0.000444986989888111,0.00402381852558399
"BW25113_RS14935",24.3319188623044,-1.72760678687876,0.492101349660546,-3.51067272640174,0.000446974319339876,0.00402466283303914
"BW25113_RS15545",93.8745319856517,-0.822757786024987,0.235313038655539,-3.49643942692599,0.000471511529758824,0.0042276877668249
"BW25113_RS21715",1018.96346303785,0.259960909719202,0.0745207807167755,3.48843513472051,0.000485856690580104,0.00433800616589379
"BW25113_RS12675",24.8423628547564,-1.67598504899036,0.482515616843095,-3.47343172010816,0.000513848088456673,0.00456873300406038
"BW25113_RS03750",101.398689693809,-0.79213761558141,0.228231752864848,-3.47075989926122,0.000518987829841729,0.00459520474339031
"BW25113_RS09330",69.5235633591625,-0.952386196387157,0.276447573055214,-3.44508792702239,0.000570873659234557,0.00503363703681923
"BW25113_RS01025",42014.6634828738,0.0353546405306363,0.010314829112266,3.4275546541623,0.000609043692551966,0.00534800763087987
"BW25113_RS21145",55.3976802842425,-1.08498410672779,0.317707031648333,-3.41504593429568,0.000637712562313795,0.00557670450583051
"BW25113_RS07245",44.638329240671,1.24776687029499,0.366344760451316,3.40599076333946,0.000659244095405203,0.00574136763416417
"BW25113_RS17140",669.882134869594,0.300774121329469,0.0884893744845243,3.39898573225953,0.000676362446134908,0.00586640897157828
"BW25113_RS16415",166.499713034498,0.611562964993628,0.180544004535545,3.38733466429358,0.000705752407691144,0.00609643848107188
"BW25113_RS12215",97.6367193326372,-0.788367179139511,0.232822543284647,-3.38612905785356,0.000708860381237756,0.00609849518271349
"BW25113_RS18360",37.7082303663815,-1.27328175293797,0.380965157726593,-3.3422525055474,0.000831014265535327,0.00712058594460714
"BW25113_RS13415",109.52285440698,-0.733405219411038,0.220115309135091,-3.33191372418774,0.000862509908480845,0.00735675284265243
"BW25113_RS19500",83.7055743443034,-0.831029740860716,0.249487278357819,-3.33095036480714,0.000865500334429697,0.00735675284265243
"BW25113_RS08435",176.366471493204,-0.56952632085681,0.171075182730118,-3.32909959099839,0.000871272434720669,0.00737631045331244
"BW25113_RS04580",748.588366241637,0.282306475590924,0.0848490539599873,3.32716114576896,0.000877356212529238,0.00739834107787552
"BW25113_RS16400",856.910148170163,0.270656074497126,0.0814006049697257,3.32498848869474,0.000884221857169825,0.00742676461061612
"BW25113_RS21140",50.1761035653817,-1.65775892614338,0.498887361685173,-3.32291225126189,0.000890829321897818,0.00745280436627112
"BW25113_RS21765",35.7970286525099,-1.32258385758248,0.399786265936425,-3.308227346141,0.00093888557537557,0.00782404646146309
"BW25113_RS06245",43.6343359376047,1.16415625818976,0.35214878433351,3.30586476506823,0.000946837739644437,0.00785949295603293
"BW25113_RS13610",737.484273153575,0.282738445945254,0.0857725509161778,3.29637445692345,0.000979413771793251,0.00809826562280412
"BW25113_RS02280",149.069931591525,0.624449315325391,0.189846703801813,3.28922916658734,0.00100462189832368,0.0082745020695264
"BW25113_RS03420",46.4126995058081,1.15413020115495,0.354215081609957,3.25827515844121,0.00112091662428263,0.00919670975521463
"BW25113_RS02130",255.33123159873,-0.45769324455428,0.140667175486902,-3.25373167528267,0.00113899808227845,0.0093091189416989
"BW25113_RS15540",67.4317472467166,-0.911788709421226,0.280718317522151,-3.24805562198227,0.00116196553611362,0.00946044737257255
"BW25113_RS11320",52.570888125301,1.02470532409922,0.316218093924548,3.24050186813069,0.00119319490376968,0.00967763042179609
"BW25113_RS04705",61.3756617217014,0.97094860051111,0.300882845838858,3.22699885998524,0.00125095958569017,0.0101075631923636
"BW25113_RS14930",22.2359775129794,-1.64853646724696,0.511506383827846,-3.22290497121499,0.00126897645278198,0.0102142990990974
"BW25113_RS16405",1278.22937712276,0.209839239097913,0.0656191800774238,3.19783390847501,0.00138464005234892,0.0111032457027979
"BW25113_RS19460",91.5541901427896,-0.766752127418778,0.240310702218833,-3.19066991332143,0.00141943348943307,0.0113394592670875
"BW25113_RS12365",53.7427523985905,-1.02193203687708,0.322498682411314,-3.16879445595289,0.00153072606287768,0.0121405254652834
"BW25113_RS20985",151.093177789064,-0.580835814713279,0.183303157570483,-3.16871690816313,0.00153113450573927,0.0121405254652834
"BW25113_RS01835",59.7694204482728,0.936792448109698,0.297573344155313,3.14810606026848,0.00164332056877866,0.0129816215935117
"BW25113_RS14970",33.6666567895268,-1.25295223838867,0.398965709526773,-3.14050107182103,0.0016865909035226,0.0132740950740204
"BW25113_RS20635",47.9677125362296,-1.0525166457461,0.33623313298304,-3.1303180516692,0.00174617133338828,0.0136923028909598
"BW25113_RS15930",324.919055375152,0.384814938119186,0.123545016903993,3.11477506549881,0.00184085229923631,0.0143816585877837
"BW25113_RS20600",1152.41977713534,0.218376191871796,0.0703551461987519,3.10391213252386,0.00190980040185934,0.0148656624686854
"BW25113_RS06450",158.461192634159,-0.550495930669287,0.178847129961061,-3.07802496349337,0.00208377458565966,0.0161606605639663
"BW25113_RS16385",51.8370657798759,-1.00833254966709,0.329603033876105,-3.05923321702832,0.00221904329879278,0.0171471527633988
"BW25113_RS22010",258.008939776747,-0.428088986069434,0.140080983259514,-3.05601071686053,0.00224303238535601,0.0172697239814548
"BW25113_RS09905",18.8197064165308,1.6443893822177,0.54156184574649,3.03638336993823,0.00239434718699198,0.0183154621484834
"BW25113_RS10935",2132.22235727015,-0.163171442445519,0.053742638927816,-3.03616356957613,0.00239609340107218,0.0183154621484834
"BW25113_RS20665",688.141068817237,0.265907319217624,0.0879324690384589,3.02399468734723,0.00249460819204827,0.0190001520003677
"BW25113_RS02385",242.460195583863,0.44029161800086,0.145943346342535,3.01686667487722,0.00255402117749674,0.0193831964363592
"BW25113_RS09900",21.1074027894518,1.59389542901153,0.529799679719731,3.00848696219431,0.00262552067180495,0.019854916112404
"BW25113_RS22575",23.9913550098986,-1.44252973281973,0.485049376433242,-2.97398533614705,0.00293959122682525,0.0221511750248357
"BW25113_RS14540",223.611543070007,-0.443949425202056,0.150071456642797,-2.95825358888034,0.00309387487694124,0.0232313926272089
"BW25113_RS06920",57.1972454892175,0.888165560683817,0.300347646869119,2.95712508468844,0.0031052212060248,0.023234489657756
"BW25113_RS15285",88.5784930981884,0.747172794034961,0.253117756365335,2.95187822760461,0.00315847462563739,0.0235500301034367
"BW25113_RS20675",1234.94997933208,0.211011757542467,0.0716504641775841,2.94501591810318,0.00322938047970136,0.0239945227949839
"BW25113_RS18645",56.3723347172771,-0.930096845020183,0.316599306482251,-2.93777284402335,0.00330579142224606,0.0244766786490344
"BW25113_RS16215",35.2198636504325,-1.132104811249,0.388098094702322,-2.9170584104963,0.00353349595020916,0.026071801715953
"BW25113_RS03380",93.7437544091209,-0.727336007661741,0.250449889514382,-2.90411790187663,0.00368289440706642,0.0270801059343119
"BW25113_RS00855",111.514022707476,0.617800918845676,0.213507070756568,2.89358528809599,0.0038087083760546,0.027908638962469
"BW25113_RS15260",289.167898572348,0.375461995147919,0.130464795420136,2.87787976778576,0.0040035769563959,0.0292205493397125
"BW25113_RS15565",157.957476133995,-0.520973594230606,0.181084666837088,-2.87696138679316,0.0040152472504452,0.0292205493397125
"BW25113_RS23140",618.799542256339,-0.26475628800763,0.0923729632412432,-2.86616644868463,0.00415475731857299,0.030132625603985
"BW25113_RS08970",170.326729083648,0.494419463788101,0.173854399345106,2.84387088075157,0.00445691051355719,0.0322140640860851
"BW25113_RS12595",83.6431800091788,0.713508256214993,0.251990251902545,2.83149149948441,0.00463314650850348,0.0333743604426098
"BW25113_RS19490",70.5342502591379,-0.76869646959399,0.272591724869422,-2.81995526446085,0.00480303449128395,0.0344812442364135
"BW25113_RS03230",52.2424080666681,-0.893543988489698,0.319860037149785,-2.79354681645106,0.00521334820778645,0.0373008920590782
"BW25113_RS19995",41672.1526878462,0.0283838713841411,0.010169872062597,2.79097624920298,0.00525493281822523,0.0374722558346598
"BW25113_RS04820",1130.87111944185,-0.194939345762915,0.0700017690836212,-2.78477741798281,0.00535644785274535,0.0379415056236129
"BW25113_RS08320",46.8690008072276,0.921625228472191,0.330877945382005,2.78539334922476,0.00534628241211153,0.0379415056236129
"BW25113_RS07580",18.9594834756503,-1.54403689503514,0.556269143403221,-2.77570113918025,0.00550828158989389,0.0388873700283207
"BW25113_RS08445",158.907583204828,-0.497207453943105,0.179424389842173,-2.77112523208503,0.00558629372296384,0.0392067826432695
"BW25113_RS21500",530.843813728248,-0.277195816970643,0.100038749629302,-2.77088446224892,0.00559042594866383,0.0392067826432695
"BW25113_RS14195",92.8733617815695,-0.655865940908039,0.236854409849838,-2.76906788994913,0.00562169197880993,0.0392963666281944
"BW25113_RS22830",1045.27578248406,-0.203923326068364,0.0736810941888239,-2.76764790633763,0.00564624186185881,0.0393385703490163
"BW25113_RS15105",261.547478809989,-0.571908563846203,0.207211520601344,-2.76002300541244,0.00577972913271018,0.0401370078660429
"BW25113_RS00490",395.976936991215,-0.317186779401677,0.115172873593523,-2.75400595214042,0.00588706974984196,0.040749261297766
"BW25113_RS09210",44.6161269624405,0.941818642983678,0.342223078711332,2.75206057560516,0.00592215653040938,0.0408590345036362
"BW25113_RS06440",62.7963980240395,-0.802003605023122,0.292079638337249,-2.7458388047478,0.00603564109947237,0.0415072405708051
"BW25113_RS08610",34.3140259924872,1.05022456238262,0.384219630703101,2.73339641824329,0.00626848364879514,0.0426939992105438
"BW25113_RS10555",46.1153039995055,0.917592377048506,0.335683727861155,2.73350270176945,0.00626646092361723,0.0426939992105438
"BW25113_RS16395",1578.61004906989,0.163869939388938,0.0599111799348183,2.73521468893157,0.00623396025185289,0.0426939992105438
"BW25113_RS20825",164.838452887589,-0.478992275498956,0.175786528922677,-2.7248520033617,0.00643303157975531,0.0436747351660704
"BW25113_RS06855",30.8656067295289,-1.13105466952877,0.416393812805689,-2.71630998046694,0.00660140778191211,0.0446751322820485
"BW25113_RS08605",29.7690094593054,1.12814222737183,0.416633623318297,2.70775608167842,0.00677397880814544,0.0456974760866954
"BW25113_RS13135",27.9771619665924,-1.16992779935826,0.436621493812591,-2.67950116047292,0.00737319476828484,0.0495824015272319
"BW25113_RS20305",54.3394190457232,0.824135006168787,0.307757465934518,2.67787169245844,0.0074091594615266,0.0496670784092872
"BW25113_RS11995",223.971748118314,0.396373032040455,0.148079673193516,2.67675517842655,0.00743389329273151,0.0496761737328757
"BW25113_RS22820",144.498467810444,-0.506613396039375,0.189458664841409,-2.6740048889474,0.00749513588355775,0.0499284130174302
